bp,B1: 0.1X JW_Sheared gDNA_1,B2: 0.1X JW_Sheared gDNA_2,B3: 0.1X JW_Sheared gDNA_3,B4: 0.1X JW_Sheared gDNA_4,B5: 0.1X JW_Sheared gDNA_5
50,8.75881303369872,13.723800562015352,8.009697153108503,14.177744437063613,8.324839181501195
51,8.103062911591817,13.141498950114487,6.722971154702086,13.803344643543161,6.349551979085315
52,6.491540692392878,11.85626021772178,5.569821279755363,13.356571365653032,5.68603173240462
53,5.086648712678332,10.42567789257723,5.082466442473616,12.17031836251378,6.143522710988013
54,3.9681061001317395,9.023335175298726,5.658812802625278,11.464562671242986,6.8299885238511635
55,3.373015224441775,7.998185626825479,6.4218260994437,12.737076893765138,7.846255834736333
56,3.608133120219266,7.409392131677455,6.291000109086591,15.110677805377001,8.882993286288864
57,4.64560391409364,7.668443811141912,5.9616309746968685,16.525306068144946,8.705970031888452
58,7.263127979629218,8.607440583734112,6.17584940479916,16.02880334902843,7.551877964887053
59,11.659187675694053,9.742109886525295,6.739211157990859,14.43173874721558,7.671560103539859
60,16.143633192619863,12.397979658650872,8.256920078057453,13.590380996569818,10.505352569840742
61,19.11003547035139,17.46885814880623,11.659331804645662,14.26555516563518,15.401684990641044
62,20.004223136954966,21.968444508428657,16.384241874791826,15.471150436161711,20.47756186320651
63,18.98274327241797,22.85469508506257,20.7770592026222,16.190302456974727,24.012775041947847
64,17.08199098166607,21.088574521384498,22.65588603887079,15.860984613203069,24.59410872880642
65,15.767163833999403,19.661736080235,21.261469751275936,14.358894566429385,22.626483848958234
66,15.661228455922101,19.62191985597934,17.885227197504165,12.357184576972331,20.227283261496485
67,16.817686256411502,20.615323840400563,14.91144623691702,10.561601107062453,18.920688202730673
68,19.181745504787713,22.38858929326647,13.847433926320814,9.075611170453735,18.42759052918447
69,21.69474060186621,24.392114874012428,14.683882457583554,8.226562849639569,18.609627711437472
70,22.905593302633026,26.139604899339393,16.326855892106245,8.29375319362722,20.354422082960774
71,23.23016963212492,27.74016749623751,18.038026269366043,8.211445654769753,24.2536379110011
72,24.2040538112074,29.0933656842777,20.341358094430557,7.3157382096829995,29.644497230282322
73,26.47688287439803,30.882138282089745,23.955259387641323,7.436848124271696,34.614527651540456
74,30.123909696399934,35.1386517262477,28.33940838206537,9.459056690509579,38.28380524233253
75,34.600000000000016,42.01,32.21000000000001,11.369999999999997,41.79
76,40.01000000000001,49.07000000000001,35.99000000000001,11.980000000000004,46.300000000000004
77,44.64885400935378,53.264768314422696,38.86484548912837,12.048166408232396,49.93667406029348
78,49.27161536269644,56.07407359989336,41.22280083582016,12.07606614423074,53.35422825997793
79,54.29267272205478,58.945308137877326,43.38638139071374,12.24484157368672,57.21257650991963
80,58.77751729055376,61.81370616412533,45.127353525976034,12.53249333209648,61.10567189723573
81,62.54054074772379,65.11128007316509,46.96454543205169,12.800227085161447,64.9733699000176
82,65.76319365982403,69.28651509507846,49.48919765542163,12.858855654106256,68.92208570832715
83,68.65591393307889,74.29162694534182,52.73333260373458,12.523171902881124,73.04187283287534
84,71.52901275605237,79.9110990928135,56.395575195676464,11.81865809063419,77.48263283066241
85,74.79264727894208,85.86443097714569,60.10488283941364,10.97495722698189,82.39860236513965
86,78.95856879624232,91.90728524804383,63.88695489647625,10.41971269599099,87.81031481243177
87,84.24657894540971,97.92772861348908,67.9384260682632,10.569916424349572,93.70052910930158
88,90.47387479095839,103.97856658903716,72.50566426707417,11.702524691711956,100.07455653920864
89,97.13400061013019,110.27152516746565,77.5722530410635,13.609019357010297,107.12866675678065
90,103.82418975417501,117.0132059904322,83.00622173191537,15.814330111640086,115.05548229858728
91,110.55727385933754,124.29381778510594,88.65542189944577,17.71795797001763,123.88594984697475
92,117.68573855096733,132.11522808103922,94.48146379352228,19.081863703786976,133.32814734105125
93,125.61999261310302,140.4605883537657,100.50337430115425,19.978449912271742,142.92703759095335
94,134.39371297158857,149.39215759229344,106.70274663897632,20.71318147603444,152.31176449434062
95,143.7080331774158,158.9146245674463,113.08962201874891,21.417319285973782,161.4510505730195
96,153.04799024316966,168.95154100375618,119.70565828403348,21.98830322319771,170.63833642305178
97,162.10441538132477,179.37486125591863,126.57592154556716,22.211845814792927,180.2122798662256
98,170.88471951335438,190.20449443499228,133.64811037156835,22.05605335009307,190.35135227743746
99,179.7528210528421,201.71482881417305,140.7745697214666,21.83961660190126,200.97441623125877
100,188.80874554641724,214.18097581992467,147.95345249495998,22.02322741140033,212.0507879968163
101,198.37068428893747,227.71490794110613,155.34609609275458,22.969388197884424,223.65889668678338
102,209.5432703607185,242.03735360508435,163.31850688407965,24.622004069365804,236.05222744789134
103,220.4256822863531,256.79438720972803,172.19688190513,26.6299713902685,249.4131912035602
104,227.55220104599152,271.7009417060281,182.19351954466643,28.49036415263691,263.78922829714645
105,232.36223735592296,286.8219207526756,193.29029361584622,29.89664705513932,279.00852625567484
106,238.58086629715177,302.36627826895744,205.30828107420234,30.77645088456171,294.8973473584765
107,250.29983043193783,318.55444707054505,217.9052611442373,31.31530080325043,311.34528885747187
108,264.8337849231642,335.19248035168494,230.518103520841,31.805133998158418,328.12910873045234
109,278.4459369603429,351.98276547749253,242.7103064409,32.54096944348514,345.08540740906386
110,291.9157662846936,368.82751625602094,254.54538931068774,33.71782444232279,362.2932587183892
111,305.7171340350189,385.7390173910444,266.33742181204354,35.26965311247374,379.77823198001863
112,319.7707947119721,402.82658669490456,278.49456851917364,36.90736916546811,397.50866391272876
113,334.37991995773876,420.3273627675988,291.267489985202,38.19770436364099,415.47368011042477
114,349.78620575038605,438.42747388798375,304.68367030187324,38.89580687414953,433.7142761749031
115,366.01638899035174,457.205069529302,318.53366448680543,39.07282108271479,452.36212554558455
116,382.86325487147667,476.6458962493616,332.4881927203159,39.16926182238154,471.7726180042512
117,400.06256318300564,496.7327943319753,346.30336995947584,39.70080644014895,491.9840068906469
118,417.427111363412,517.5021321691139,360.0025027789797,41.028199835059056,512.3960288146993
119,435.009282971622,538.9381300717554,373.9360183788449,43.083380324798114,533.7630317531008
120,452.9704117276347,560.8837014511753,388.57951447728857,45.49672812006598,555.6697283930309
121,471.3379471211651,582.8553332190429,404.1876351794943,47.79168456824826,571.4243020332708
122,489.88341454716993,604.3373388425716,420.65289584344436,49.7177160907439,580.1924485779323
123,508.17343776942164,624.9267614871193,437.5370268874918,51.28775775128896,588.3853399348643
124,525.9403512918778,644.656709843277,454.37925096117283,52.57270560770026,602.1620598376495
125,543.1321750840021,663.9253011950442,470.79507566705263,53.609771549651015,622.5157900780094
126,559.9520120123939,683.4776520882137,486.55487636579716,54.370817521063266,642.8710764331245
127,576.5882740192546,703.9405477359627,501.67469711776937,54.97755488041834,662.3204857617478
128,593.2603567448665,725.6540941259353,516.4534557837326,55.66801335313232,682.9378041517762
129,610.3370898575728,748.404593451511,531.6056587857661,56.75308876902644,705.14794440486
130,628.325718128267,771.8195437583802,547.8925818964682,58.45620926313002,728.9593573637485
131,647.779748531899,795.5772204442535,565.9598863113429,60.862320388258176,754.2090714793628
132,668.9923397959918,819.8706462762226,586.0091092147463,63.82729675536273,780.499256550004
133,692.1336665466164,845.2318632586342,607.9436852460665,66.99928172979651,807.8347143852509
134,717.3165073032233,872.4457885709402,631.4517266905823,69.83496602207887,836.9159342432527
135,744.7289461067032,902.1425833018353,656.4522164662749,71.89811874450596,868.6074925260551
136,774.5951538061211,934.6777496584223,683.0600635059902,73.06522783483366,903.5224905261673
137,807.1185144998959,969.944782596171,711.5428364279028,73.81503228578681,941.5319111017141
138,842.2899999999997,1007.5399999999998,741.8300000000002,74.78,982.0900000000001
139,879.7968210342742,1046.8259341059456,773.4923582484914,76.49974036198141,1024.4241181640218
140,918.7707947806065,1086.95970638519,805.8126968532038,78.92632353649024,1067.832983715404
141,958.0650516822982,1127.006822212246,838.2136743963158,81.71879579031194,1111.5469238197452
142,996.4344049059259,1166.006799489874,870.4008630974735,84.39596482069022,1154.651642816477
143,1033.187308506657,1203.1832074718106,902.2032158044651,86.78042301135962,1196.0009055698217
144,1068.098785821848,1237.970230989658,933.3340315243618,88.88117651476263,1234.5654455288793
145,1101.3956351824772,1270.082568000018,963.1739614592107,90.80760430819561,1269.8142955607232
146,1133.1499449792716,1299.3989337506189,991.0351661508176,92.57354797374958,1302.0646045551746
147,1163.2376720563252,1325.9699662071312,1016.357529571564,94.11554590223643,1332.235254371155
148,1191.374056832595,1350.1322982999625,1039.100130964243,95.36508941944666,1361.4172480251423
149,1217.5682216975492,1372.400693705041,1059.6967266722636,96.3381195525221,1390.2894693516357
150,1242.2287977725664,1393.4046373198296,1078.9984162532894,97.15074259297593,1418.9917100800633
151,1265.9749902463204,1413.683484213464,1097.9425965088637,97.9518625367943,1447.40588441569
152,1289.223296452254,1433.6366279509282,1117.2725305461959,98.81841846903478,1475.4455228657014
153,1311.891103458103,1453.4675060108034,1137.2950094108742,99.68222365671298,1503.219230479456
154,1333.7517903955566,1473.2701440470198,1157.7976154927878,100.48665495097684,1530.7017247017468
155,1354.6790590880375,1493.1043125482609,1178.2806724372476,101.25150605895563,1557.719864140996
156,1375.01726208433,1513.085524680787,1198.2666118005834,102.17289257987778,1583.9551669672358
157,1395.3176351880836,1533.2588259711322,1217.6736085912419,103.42237837459682,1609.3907287470113
158,1416.217741512032,1553.562470323266,1236.8320318691713,105.0739172109546,1634.3737293072568
159,1438.1979384809674,1573.7935556125235,1256.2274060915638,106.98726726561803,1659.4721755756857
160,1461.5175027933337,1593.7689267763753,1276.1517677520703,108.91471048049894,1685.0541458423634
161,1486.1289747246633,1613.4088832448183,1296.50579884083,110.55922137892206,1711.0477652001357
162,1511.6013704540242,1632.6753665601416,1316.9979802553112,111.74434118091787,1737.1452287162583
163,1537.3276026055596,1651.558501770741,1337.319468506469,112.47604606314495,1763.0669249290158
164,1562.7565150076564,1670.0844846099894,1357.3356758797372,113.06117876009613,1788.8758415574036
165,1587.6981394577897,1688.4293329221096,1376.9769521954488,113.89654796106544,1814.6752131663418
166,1612.2718986134375,1706.8424360340177,1396.2206308178545,115.3403291126153,1840.4691181570083
167,1636.6315045800368,1725.3499665189222,1415.1155602195458,117.41741090782683,1865.8863213948077
168,1660.9246555601203,1743.7367622330016,1433.961448501915,119.82848916868227,1890.6910092028686
169,1685.2548670915755,1761.5797191113986,1453.3345595418875,121.97392852544537,1914.9867717057355
170,1709.5213682401409,1778.7372753920072,1473.5085880524362,123.38746282294456,1938.9885387505062
171,1733.615145272448,1795.5719507777533,1494.4486287086415,123.92546480795313,1962.9295001119185
172,1757.5973289956016,1813.1928774855169,1515.759054136521,123.99149537545539,1986.9725889751617
173,1781.3465002726732,1832.1168044241767,1536.7891642562283,124.08834766487786,2010.9654740442702
174,1804.66547474136,1852.0895158033218,1556.8980625776824,124.63837848742013,2034.6779035289521
175,1827.6307207664463,1871.8977995744992,1576.0506877044595,125.69444778072352,2058.416892101738
176,1850.436865198905,1890.456513718819,1594.7534452588543,127.17857767737839,2082.687178867546
177,1873.3289703236806,1907.2063883600902,1613.8594236071717,128.96652463321487,2107.9650669265266
178,1896.4653600593942,1922.3669787509468,1633.450211666839,130.98301001824245,2134.0021225259047
179,1919.8771653341387,1936.352753370579,1653.821624789394,133.13640079402361,2160.09776194985
180,1943.4001449419438,1949.3927055829108,1675.7683299296395,135.27778934446889,2185.2676794724593
181,1966.6120222818217,1961.715091302439,1694.504192831963,137.3894422136735,2208.906777889936
182,1989.0171450031742,1973.649724556909,1704.9006992012523,139.39535139221587,2230.813355264914
183,2010.3833249152235,1985.7933490659993,1712.1205569171616,140.78190530707576,2251.2348135989823
184,2030.918930106196,1998.4888578536165,1722.3685140465589,141.53677749979838,2270.7228265475997
185,2051.186691548917,2011.7071211963419,1739.340584623715,142.24358688647646,2290.036995736038
186,2071.507908042216,2025.1084789712822,1758.710811813202,143.4409063758739,2309.8515010302563
187,2091.906933340473,2038.386711721317,1776.555369976699,145.1195984788549,2330.3573115120253
188,2112.080350875285,2051.4472361087874,1793.9009309703877,146.46409424942385,2350.973839419123
189,2131.88171694221,2064.130071871269,1810.6753702582027,147.16549270711033,2370.8217499709203
190,2151.299143071743,2076.2136689773,1826.2677287229733,147.2984251805805,2389.2900825777956
191,2170.389333912327,2087.457891043294,1840.9974618648907,147.09055042253473,2406.8577897400714
192,2189.0165002574695,2097.975467411593,1855.461191863616,146.78377165476257,2424.4040170216385
193,2206.9520749053104,2108.174374273586,1870.2827543189594,146.55551365647736,2442.7459071596354
194,2224.390965736125,2118.3339232102076,1885.7079026394008,146.329837192157,2461.5003220272406
195,2241.6579917879612,2128.244452172447,1901.5159945366615,145.97876064242155,2479.6439791325665
196,2259.097942588627,2137.2037822854486,1917.0424244660926,145.41980835928823,2495.9161708685892
197,2277.155278696231,2145.745678542893,1932.1691156279676,144.69047017844122,2510.5135087061867
198,2295.239091091758,2153.84710282868,1946.392141371517,143.9238243229476,2523.7153556912654
199,2310.7086915041577,2158.977679319151,1958.0371741092229,143.3200216513119,2534.640118898834
200,2328.53,2162.6799999999994,1971.68,142.71999999999997,2547.72
201,2353.3099999999995,2168.9399999999987,1991.6599999999996,141.82999999999998,2566.639999999999
202,2369.950285552987,2177.2244885947866,2006.3036923763198,140.8512628852218,2579.9094053894983
203,2383.393789397035,2185.0553408796295,2019.3554515136038,139.62855083014912,2591.356014604798
204,2397.9109472898353,2191.6096508747596,2033.563873096541,138.3359744899028,2604.1684893730067
205,2411.9376763333626,2197.66242996769,2046.8401466175922,137.44329283367372,2616.9669809144402
206,2426.2214643470475,2203.673915224024,2059.3474744972164,137.04061645768758,2630.1889170830036
207,2440.4121833783847,2209.3981487252217,2071.296019106822,136.89452973018882,2643.695454581914
208,2453.371406743433,2214.2196908788414,2082.8052538647835,136.6958645010485,2656.6655065845757
209,2464.8600343342273,2217.7802193697985,2094.4488552888583,136.3880162743987,2668.28665617142
210,2475.573472160979,2220.3086261439435,2106.453763444879,136.06130157761422,2677.7684488542177
211,2486.3842428323233,2222.4484445942207,2118.4284661980573,135.78406381585864,2684.8235388150742
212,2497.56436304295,2224.9928718053407,2129.301739337896,135.46958874637673,2690.1561366829483
213,2508.7655169866152,2228.389504777365,2138.304609169836,135.04619205386197,2694.961612424371
214,2519.368042188373,2232.418896062109,2145.3162504571415,134.49959008686795,2699.93404795143
215,2528.9044416819293,2236.094199587812,2151.029528875866,133.870195510957,2704.788371482919
216,2537.939809727533,2238.3361334895208,2156.685681235444,133.15137570983165,2709.2850929243255
217,2547.165310752167,2238.5873561577864,2163.160222786119,132.33854232655318,2713.507783461288
218,2556.8698504608474,2237.0683494075834,2170.6468952822656,131.48383655196275,2717.817125467004
219,2566.747508693792,2234.634961385832,2179.0790115660047,130.781935871464,2722.356797138842
220,2576.2380164022143,2232.0678579135633,2188.3200622526624,130.52355698712313,2726.9903170410457
221,2584.8113677979995,2229.811949800938,2197.9943226646283,130.94402418604375,2731.3257563745537
222,2592.37405214372,2227.9003895812857,2206.991910702933,131.90007203848688,2734.806636875261
223,2599.231517563835,2226.1205350784485,2214.146144794796,132.90670814648365,2736.9167395118297
224,2605.8099275774343,2224.2262780333344,2218.7139610625845,133.39195861809864,2737.3796744052543
225,2612.235538651012,2222.1902997156067,2220.9114208070305,133.08826135062978,2736.4208556387366
226,2618.2670462974274,2220.0285786136606,2221.7630064493715,132.1256414857713,2734.674575295619
227,2623.36076354981,2217.684424344397,2222.5407604168345,130.81450852459943,2732.9230580942776
228,2626.840022003325,2214.947406172966,2224.1876551756986,129.4271349476262,2731.7804956328137
229,2628.728351544343,2211.579122532344,2227.1206986674097,128.27513556230994,2731.228519281105
230,2629.71583367476,2207.369375504093,2231.2025169951153,127.66427414452977,2730.8128529149903
231,2630.90560393348,2202.19192077297,2235.7428994489114,127.80338580461272,2729.868033704369
232,2632.8712224489295,2196.117327041065,2239.7302566895996,128.56877712709382,2727.849982755241
233,2635.732173564577,2189.32264779501,2242.4786201182824,129.5721013696635,2725.2497231781576
234,2639.303435859249,2182.0969159498295,2243.9800120469886,130.29565803973014,2723.3883253034805
235,2643.3714283164272,2175.021053960288,2244.967858778463,130.4375850028691,2722.036880004637
236,2647.577186146019,2168.7594142949674,2246.418737539377,129.96769370022864,2720.077174959788
237,2651.4654488485166,2163.730383635421,2249.1165724310636,129.0816877705538,2716.857369050425
238,2654.7418859231148,2159.50434445488,2252.9945081233463,128.04081956402405,2714.6129404396397
239,2657.423447641443,2155.3068691115395,2257.1026269943736,127.02289552631015,2714.3366350313286
240,2659.818080997183,2150.3448855880006,2260.1716366373516,126.1379129363667,2715.224882756714
241,2662.3877778879364,2144.1651738726573,2261.5959004211554,125.50714476125543,2715.5725641407325
242,2665.142772247128,2136.9379228100643,2261.7493225447474,125.21204286756415,2714.003799156866
243,2667.7131704504636,2129.2631846924564,2261.536500282712,125.13954323842967,2710.230998079951
244,2669.583096128242,2121.89462310595,2261.781593572762,124.843825469987,2705.5666583802617
245,2670.4883995925975,2115.5106384032288,2262.7034011545948,123.89211964858661,2701.413486683945
246,2670.555104880517,2110.440274197304,2264.073905915374,122.2691905983377,2698.350864860815
247,2670.357050194132,2106.3838122738603,2265.428723263224,120.58267356526794,2695.6425773292285
248,2670.6417038853656,2102.2022806819896,2266.4290799057935,119.41530486131082,2692.098138567899
249,2671.7790283224385,2096.8010166965555,2266.792663206546,118.91146644682128,2687.0511751015174
250,2673.4884344714637,2089.700758735613,2266.22478434678,118.6898526845576,2680.6828179448207
251,2674.9883902359397,2081.2819191602066,2264.382383377362,118.33057671070024,2673.291819972021
252,2675.492778520593,2071.9845884878287,2261.308945989872,117.70159640982374,2664.8363778770167
253,2674.4790490666933,2062.013183887112,2257.617539391038,116.98954502441472,2655.051764208757
254,2671.9278485129225,2051.3678746447813,2254.477389733623,116.47033042639748,2644.174483700488
255,2668.198611305406,2040.1860094552665,2252.488018443943,116.20561405848238,2632.854472667479
256,2663.7777265998106,2028.8616079941874,2251.3322387039834,115.97468953827283,2621.890335292021
257,2658.8687338703667,2018.0250794094163,2249.7091855852723,115.30549759966279,2611.7408672864494
258,2653.1031875363133,2007.5572367890215,2246.423640400917,113.88413583156557,2601.7320221503983
259,2645.9238779087964,1996.7639518617875,2240.8252964276803,111.79204583768066,2590.6291108521236
260,2637.1462674193976,1984.8655891190488,2233.1297193390324,109.68740863664237,2577.5972385034192
261,2627.268813103125,1971.7658821059333,2224.2347531639334,108.33577662070566,2563.1679902102696
262,2616.979462349498,1957.7147511752557,2215.174554766338,108.0987522671918,2548.316007257903
263,2606.74057198839,1943.00299329598,2206.633548713489,108.58622979656764,2533.5517883365837
264,2596.9477971293313,1928.221143105738,2198.664732980525,109.02699503418175,2518.753413499574
265,2587.7027399970034,1913.7842932559986,2190.621905252473,108.87082452627882,2503.518158642732
266,2578.748785894087,1899.6858561663105,2181.478884707038,108.08556787947906,2487.597549963872
267,2569.818164276681,1885.6954219133065,2171.279492907881,106.98630165100849,2471.759599563546
268,2560.4780676794107,1871.1666775503036,2160.8350703346186,105.85718777559246,2456.4783826439016
269,2550.179883796553,1855.2824675633942,2151.2235361685166,104.82217889667002,2441.49598565641
270,2538.6188835289563,1837.986037222014,2142.8307346462298,103.88726775323414,2426.1616709571226
271,2526.1029721857835,1820.176564311152,2135.331362052968,102.96532028192404,2410.323598753427
272,2513.2904215642793,1803.0825585346429,2127.849525862424,101.91745013588556,2394.1338660427455
273,2500.525472152259,1786.9947492499468,2119.308761550098,100.63271128328113,2377.2480496453018
274,2488.1366050870556,1771.5917771693191,2109.2997484182793,99.18018733835365,2359.408080532635
275,2476.3203925616604,1756.2618139711353,2098.144520674288,97.75024995755645,2340.675605641851
276,2464.881100472226,1740.485945751961,2086.7132303001536,96.52678471385317,2321.572974704753
277,2453.183007814408,1724.4776124640687,2075.6239752702168,95.52994484171937,2302.824628679431
278,2440.5884186736535,1708.7461349753394,2065.0385504106243,94.60976017087346,2284.9608451994354
279,2426.859280754296,1693.4738965703611,2054.587252578396,93.48975814046847,2267.900661302673
280,2412.1138037324963,1677.608571186528,2043.6870618731623,92.03638163504604,2250.606991226642
281,2396.7184029418654,1660.1576742659183,2032.0304692052964,90.43415174505581,2232.221355739361
282,2381.091149355185,1641.0686778324502,2019.7508561249065,89.17705650134631,2212.699495625919
283,2365.099186692278,1621.2368283501805,2006.8682920401632,88.55769995668753,2192.372490845012
284,2348.459550129845,1601.5047931944932,1993.3413484891328,88.40892763444201,2171.601026872703
285,2331.0255064983007,1582.1888679318465,1979.181495168185,88.17422179418445,2150.6827458131206
286,2313.0805881652823,1562.934111555557,1964.6568867955882,87.43387386608914,2129.933332430916
287,2294.9953752577053,1543.198942093766,1949.816360672574,86.04331540326015,2109.189571186105
288,2277.2268564031206,1522.7392884420042,1934.5809420204973,84.07920362611169,2088.0083114562885
289,2260.443647581263,1502.2032570436418,1919.1913716519691,81.68425852201774,2066.3558284739493
290,2244.2744280716743,1481.6244909167895,1903.721062307198,79.15868552228022,2044.3655463630716
291,2227.7761937331043,1460.7452113953614,1888.2274649480867,76.92478879922847,2022.4915962645355
292,2210.4341256523126,1439.8508286411543,1873.0272380845772,75.38859955724791,2001.6227598840078
293,2192.3031588028534,1419.2612369217927,1857.9394585345472,74.34834334058671,1981.2510365215787
294,2173.797265038211,1399.0045637714281,1842.4344904090349,73.27033779367609,1959.971066867895
295,2155.469965384556,1378.7199461233843,1825.9842802051269,71.6948952158647,1936.4757779250842
296,2137.7473806038215,1358.6467069483676,1808.8379018545095,69.77769551845208,1911.573964076934
297,2120.0218484181696,1338.9294767673023,1791.1772480443392,67.99479898204633,1886.2338904881567
298,2101.050615303496,1319.6826610457435,1773.0961907987491,66.8333358711744,1860.9583133477051
299,2083.135766544178,1303.2896774097817,1756.9564693873228,66.39224837017504,1838.913556509755
300,2062.479999999999,1285.04,1740.1099999999997,66.43999999999998,1814.4699999999998
301,2034.5499999999995,1258.8299999999995,1718.91,66.47999999999999,1780.5499999999993
302,2016.5228923922725,1240.765584963984,1705.5456895862965,65.97015112074429,1758.11341354204
303,2002.4467492747888,1226.4109224305046,1694.8575737787744,64.81398721914485,1741.112093768092
304,1985.0658761804032,1209.9015378189347,1681.0584525865372,63.10852038114594,1721.6613821693977
305,1966.3743239116657,1193.4157066166072,1665.7869936847208,61.0649921550517,1702.3938776733846
306,1947.09483374472,1177.2952851169562,1649.8574838064014,58.96894999283426,1683.5190093018462
307,1927.0159131726946,1160.6359471870992,1633.3361402050637,57.125163581918564,1663.7170072197341
308,1906.820593990048,1143.3156479563413,1616.6146995133179,55.768284991557266,1643.0808304889365
309,1887.0460630296723,1125.3712889614774,1599.9250371603075,54.979567453445824,1621.9796482727593
310,1867.777174046094,1106.869529082417,1583.2144928295374,54.637120680371204,1600.7120191592996
311,1849.0160099655327,1088.2878407414335,1566.5741013191207,54.41026220666512,1579.3356755804798
312,1830.7253716516375,1070.2857771327735,1550.1702382498677,53.93903212346178,1557.8374184911625
313,1812.8261734910927,1053.4209803097597,1534.1383521139046,53.083298836532066,1536.36046358189
314,1795.0580008626655,1037.8121323613514,1518.4729483627345,51.93683088958063,1515.1973353524268
315,1776.964815096065,1023.0669069506007,1503.0000488466687,50.79945581166294,1494.7129135388466
316,1758.1057398735375,1008.5479770082601,1487.437114863335,49.86947839135348,1474.795627246922
317,1738.2362410466646,993.6969191636624,1471.5553038855046,49.26539189427143,1455.0886079391223
318,1717.592845283239,978.4230309584979,1455.3834880255488,49.02909757130994,1435.175742232915
319,1696.6191271907087,963.0012134513507,1439.0885887562893,49.14571998595677,1414.9705933826308
320,1675.867935302618,947.9393911934284,1422.904532849951,49.52496567302212,1394.724134955885
321,1655.755710399885,933.3762015217123,1406.8749388693004,49.88275947264246,1374.6775250689739
322,1636.5460385452343,919.1128222861739,1390.9788686835093,49.90211813832355,1354.9791544221366
323,1618.2761443661723,904.5448783118063,1375.2207317324353,49.37171050084081,1335.5944699663526
324,1600.803830727773,889.3215427016083,1359.6202255589824,48.32422434770293,1316.518896557832
325,1583.8601455388903,873.4499835409435,1344.253020660007,46.985662415041595,1297.7989715104127
326,1567.1983045065226,857.407620079792,1329.4359704607273,45.53572013201737,1279.4972715077988
327,1550.6524816987783,841.751497220899,1314.9251572827152,44.09463322018523,1261.6400272462085
328,1534.2054478590314,826.8726472102725,1299.475162380618,42.695743256661466,1244.1725670902213
329,1517.9814103294668,812.8601720431589,1285.414115669948,41.27406270433783,1227.0207725750097
330,1502.174657391179,799.5483675729062,1276.6057906189574,39.79225875299954,1210.115059429216
331,1486.857632790541,786.6015559353342,1270.8210734238287,38.65372213665217,1193.4432874739878
332,1471.9411331538797,773.6492333782031,1263.7670530405826,38.03257167854141,1177.00734521858
333,1457.1377570505097,760.3552970089922,1251.187185860383,37.50921638680375,1160.8001353045388
334,1442.3299999999997,746.5399999999996,1234.9799999999998,36.78999999999999,1144.7599999999998
335,1427.5871978370722,732.2045451971649,1219.9817823079234,35.84025108235926,1128.824928733569
336,1413.2102680100284,717.6602028881665,1206.141986881175,35.1574273166363,1113.0780687787521
337,1399.3445445608124,703.3173868601234,1192.7447678580181,34.98217553015572,1097.7060511587856
338,1385.7920741646424,689.5873846428071,1179.9105505061439,34.9826945315575,1082.957092979654
339,1372.0589967308977,676.5530875674162,1167.6046934060134,34.8567317787476,1068.692572338093
340,1357.5747382777474,664.0393092461006,1155.6893390353844,34.43203104953893,1054.587725592068
341,1342.0585307122433,651.6566205130955,1144.1210432112725,33.82878600444588,1040.4562165530742
342,1325.5613468083466,639.1434082800866,1132.7012938118003,33.21060554314976,1025.3730161912572
343,1308.4869525957756,626.4893753479064,1121.0163610738073,32.69242084128116,1008.0370555508548
344,1291.2752987636882,613.9156601259718,1108.7621724693238,32.184109086350475,992.5496042633025
345,1274.2367561310919,601.6828705835238,1095.7780603393837,31.547104375716135,983.2182251924115
346,1257.2738442474902,589.8353413147487,1082.1383679078942,30.813422026764403,976.6127225728986
347,1240.11761275699,578.2758955050317,1067.946797561834,30.16947893669734,967.7789299809195
348,1222.432062734929,566.813512162179,1053.302015867126,29.91079771279475,952.6394378529915
349,1204.1937187987364,555.4162249911602,1038.383240330071,30.10683242448127,934.3413193174539
350,1185.5451748674088,544.1380992387593,1023.4354250741732,30.60897101137934,917.2293579163063
351,1166.6858929122502,533.0628494768699,1008.7659934915218,30.98233976101533,900.4564662436485
352,1147.7376712250318,522.2480723332958,994.3963624202446,30.8797620036227,883.4862292023356
353,1128.7590994268744,511.71875782327646,980.0192315370023,30.155108596688727,866.8132760073265
354,1109.9560751978497,501.4883344274563,965.121244995373,29.091663280124305,850.2708109607295
355,1091.5725911044326,491.5836466092186,949.3574727668006,28.124801251212656,833.4573635948832
356,1073.7907768610232,482.0647460526326,932.9431186105384,27.640571322541383,816.0886719437328
357,1056.4966334070261,472.89302404736554,916.4599505144365,27.628676897640155,798.3352233667731
358,1039.3295387465319,463.95561174393686,900.6482746589122,27.737541583749344,780.7475981998413
359,1021.963856835145,455.22521106528626,885.7223664360523,27.622582951373282,763.8446515708296
360,1004.2749865393498,446.34552652455415,871.4933638955308,27.112405494589805,747.8509226425359
361,986.5063713590208,436.4424864911196,857.3585073200182,26.35872215182403,732.4533937177365
362,969.0194295413596,427.27093480288596,842.9773678544134,25.521573571658966,717.3697368339964
363,952.183132004611,421.6908058068271,828.3158728080201,24.70309957999971,702.4670781056608
364,936.1287249799954,418.0603225907154,813.6518530091396,23.84067238082974,687.9736919408913
365,920.8097090283554,413.58310890226437,799.2793357593226,22.909999283678886,674.0652918213508
366,906.0010196904454,406.00628682052815,785.3628287562958,22.041908183814154,660.6431685864903
367,891.5299999999997,396.2900000000001,771.9799999999998,21.49,647.4899999999999
368,877.3029321754116,386.8463870420321,759.1186351578756,21.509741203757848,634.4349275550853
369,863.3516801358973,377.3544434161875,746.6068822329426,22.06919491623156,621.7397658861588
370,849.6581399609009,367.44730569200993,734.1706823171659,22.891211540431982,609.6549868675193
371,836.0778569681604,357.6929565873874,721.4749020546803,23.458872647019238,598.2094703433563
372,822.4000317917037,348.4310698247039,708.508037841554,23.41989438169196,586.9724354268897
373,808.4364027753562,339.7710886029681,695.4727171873681,22.65247427291411,575.3780804717436
374,794.193744509839,331.6498892988712,682.635269263758,21.452390242488118,563.3018611118125
375,779.832997754305,323.97723197330095,670.1421957672792,20.17456114303206,550.9091653815491
376,765.6435930519245,316.68685629755976,657.9674978290583,19.10516429870198,538.576292689796
377,751.7683575576243,309.81395639393696,646.0841626061149,18.27491944791643,526.3234598464038
378,738.1991652797695,303.42494217357626,634.4705139969083,17.582098190749885,514.0003227114267
379,724.7200109834399,297.52068259615834,623.1029169730591,16.921786204757105,501.5283388695441
380,711.1390914578042,291.95082492403463,611.9090625318951,16.325346116702008,489.118598295555
381,697.3656176594535,286.4188628482951,600.7847128013057,15.96683288291191,477.2722213883194
382,683.5294803285805,280.71771815312485,589.7959641038868,15.925045040708822,466.31128075541903
383,669.8460668573675,274.7409040832781,579.0792746863278,16.138955983575446,456.3242269533128
384,656.4976377522951,268.5286322504399,568.7462463628168,16.309881198477132,447.0265184660121
385,643.579654762964,262.1621579526088,558.7593708826587,16.162756279365112,438.125803428891
386,631.0970005059997,255.76377772545186,548.937085999005,15.525600110727835,429.40074229846863
387,618.9973283214093,249.60225744090224,539.1046845762532,14.490550975455944,420.75468345607993
388,607.2518821802488,244.00166951838656,529.1294811257237,13.282366677544532,412.116423776853
389,595.9279329508038,239.26781462722064,518.9669270624054,12.185852991780498,403.3650415543209
390,585.045263835607,235.4239383854423,508.6880695502543,11.324198290052609,394.3683924540692
391,574.5377254382076,232.21666249726852,498.47485005660343,10.651461501355156,385.0318143692333
392,564.1623380805653,229.2282465959116,488.6152850398003,10.014208056927302,375.48514208674993
393,553.67993534457,226.10152356235741,479.3029897408661,9.3216730241201,365.99051654162315
394,542.9990399298473,222.70434464992218,470.4812964929099,8.676652840569767,356.9092372321148
395,532.4251779553564,219.00269160178925,462.0800716963739,8.269771815077346,348.445617547335
396,522.4215392479205,214.9891638626555,453.9745883035536,8.291214374021413,340.5355918434614
397,512.8296939576821,210.5265417620715,445.74131407309005,8.69340764675848,332.48202223554205
398,503.9487937089427,205.87310771331454,437.62566657699745,9.319363921777196,324.2263548817292
399,496.741280309697,201.84520848485653,430.77035459208327,9.939393542686249,316.8196602722256
400,487.01,197.10999999999999,421.64000000000004,10.259999999999998,307.88999999999993
401,471.32999999999987,190.51999999999998,407.3399999999999,10.05,295.87999999999994
402,459.31927336698715,185.88719227442397,396.5919649053553,9.505534233671916,288.5233600244338
403,448.42913676425763,181.84992541070983,386.8603114410222,9.014343631247758,282.8834667366147
404,436.6371440769209,177.66152259082713,376.2775308154561,8.853033127978158,276.417913199229
405,425.5453534248072,174.35264702460745,366.46138612463346,9.068650922343181,269.67903694364446
406,415.0534437643465,171.9394560830134,357.4281388194022,9.384929430537678,262.08016661762275
407,405.2308139508799,169.92467962523605,349.1843531839895,9.594889226425188,253.6048508026594
408,396.4095156293842,167.5635588145345,341.71363251820895,9.612577741074432,244.8131420867494
409,388.55152975471026,164.11023680886962,334.40304233506924,9.409698097959778,236.23989570889694
410,380.5698768667854,159.46268765623938,326.60152062965403,8.885403535891006,228.25685320135213
411,372.5568549981959,154.16341881691287,318.0670312899729,8.049680822491515,221.12211507703705
412,367.34000013808577,149.1927788489494,309.2917426877788,7.214198403211467,215.00354078458392
413,364.02786167601334,144.88994855316582,300.90984744855325,6.753969635067033,209.7522704499897
414,359.62406006398896,141.0257829219806,293.2756820699892,6.829459440067676,205.00530829856552
415,351.6092892402396,137.04822558743464,286.20346444165205,7.26300107149678,200.28794979471655
416,342.5852689928828,132.77308572252846,279.04747223320146,7.864680341607625,195.16110174562783
417,334.46949340973106,128.50034029416517,271.62386038478735,8.542781509679699,189.59641548596076
418,326.50834382490024,124.83789982427537,264.4815654117666,9.291123064651066,184.00470414991702
419,318.5632187479537,121.96736398291448,258.26065602745444,10.010367596885791,178.69243580204443
420,310.57602332685167,119.66743830251217,253.1073167750548,10.60633250984091,173.67355686367682
421,302.4332314114314,117.47543576116102,248.59365944028417,11.051565293251493,168.74983882756337
422,294.1972942429982,115.02732715953275,243.96756893102526,11.438293709635458,163.82070087529013
423,285.91118349922755,112.24834366715885,238.630725566919,11.821381589211434,158.92371355859675
424,277.7088891385294,109.39691693941813,232.43717052211272,12.166725837972447,154.19040092201865
425,270.02465678250263,107.03493127736155,225.97558719594244,12.32953460178457,149.74664902294262
426,263.03894338632404,105.38150255838103,219.93583707670606,12.140168415030685,145.45642144296923
427,256.65271170901764,104.16305644684275,214.7587921445519,11.436287257548262,141.088799087131
428,250.57674763153412,102.62473050362009,210.3754817714441,10.122727472249224,136.5489138739742
429,244.61994566859036,100.26841645669862,206.38426917139782,8.443380010440668,131.95440784265188
430,238.68321727404737,97.14541545954683,202.27416851648866,6.880818900969538,127.4746343899011
431,232.7855475384652,93.91214621737782,197.6287804547542,5.980646471849232,123.24659301474449
432,227.3049238889222,91.17554183550847,192.41808607900904,5.908822727563932,119.5634158818115
433,222.578665096884,89.03947512385892,186.84919854826626,6.374671565092092,116.58887949314592
434,218.62914286631465,87.05817435048124,181.25421584958073,6.751889736928942,114.18332483701829
435,214.97830355696732,84.84935709903554,175.98167929035367,6.622733242868735,111.86577803853218
436,211.08037435554272,82.5393158968894,171.2762349998869,5.926274717624821,109.22815102010742
437,206.53362519763172,80.69334764123941,167.14889851406414,4.953828721830624,106.13842559445932
438,201.21774970208452,79.73753470632029,163.1883962082394,4.210089106428171,102.85911556016181
439,195.28260844828793,79.52269198760807,159.07668760055728,4.121194502824616,99.748446974134
440,189.08363891802045,79.42522330402595,154.72118399447717,4.814846326519997,97.03201540285016
441,183.08570706018378,78.70431489795773,150.26827834869954,5.878919428495885,94.56665768792537
442,177.7888576285592,76.87187945021562,146.08603582014385,6.699249833620281,92.17381031878482
443,173.43116748856772,73.68903331094153,142.5159281844061,6.880053456302781,89.75366662261789
444,169.69423478554475,69.1366679778768,139.58497894136477,6.629367301353589,87.34116368989358
445,166.13164368895426,63.61523398733971,137.00973237173443,6.400158172900797,85.02619426622337
446,162.500724116056,57.93864395001562,134.42258116336023,6.526457669768264,82.8844338607538
447,158.9103861926578,53.166328180753574,131.56793642375698,6.978485393388223,80.89621072026944
448,155.34680088107424,49.6838130791224,128.41435895086258,7.477594285187887,78.78972611484524
449,151.6632350865753,47.383084531918584,125.04726512935824,7.6915968587138295,76.2904790234358
450,147.6623098900816,45.89345723790023,121.58024494319201,7.368953971820978,73.2981356282715
451,143.35324735507587,44.99076303817661,118.04776686062426,6.479070407076266,70.00164877008513
452,138.95713987214668,44.48483542718828,114.57523774004211,5.282352060214418,66.75673523125975
453,134.7985926792471,44.12713048165192,111.38982524355382,4.26869846960572,63.941969375485314
454,131.0193869956452,43.524393501352414,108.65843628655304,3.9020586205646404,61.695322549351616
455,127.54917594957799,42.51832381044232,106.28022988471021,4.232936323659763,59.916839242234325
456,124.2139458776267,41.23635981203102,103.96739909032613,4.957951552630389,58.53092342629962
457,120.92466945754347,39.99037828473027,101.48265939114899,5.7058058299159695,57.86062094025835
458,117.60241224795584,38.93639509392318,98.73174403263904,6.308424698358712,57.585270235999204
459,114.249798980734,38.05281825366962,95.7938952371403,6.753231540375885,57.191797049196055
460,111.04504109318421,37.1909010254518,92.94129540399123,7.066042119239366,56.69615968628674
461,108.15617205634003,36.201350557650656,90.49291363953759,7.215055216613166,56.103170042821546
462,105.56207977891171,34.98425143378543,88.6031463103485,7.164345198335211,55.30948724312887
463,102.9859775139277,33.539150218162405,87.10063224358325,6.93689115618784,54.12129355591522
464,100.32447212523695,32.06406754026902,85.58027833059141,6.644418458512188,52.47758070009025
465,97.64699882263793,30.85672673895758,83.71555590061217,6.42763379027302,50.38005046055695
466,95.09952549618119,30.189265649996095,81.45099156660953,6.399216786880509,47.90305985279854
467,92.60348346976735,30.04860954529224,79.03916678981746,6.558182612004142,45.4259413095854
468,89.9665814546531,30.17354606954308,76.65921128252194,6.796567895307041,43.43195043568459
469,87.06392065842698,30.20170843714028,74.29724146418245,6.965831075122098,42.34517179725883
470,84.18077899216878,30.023810905627684,71.85457827410681,7.045700562101851,42.30198938765469
471,81.66892508658024,29.828238211740256,69.46802286009274,7.085282635428342,42.990400987018
472,79.71338034330647,29.874080292762258,67.46511828313625,7.122271849333322,43.75300951747633
473,78.10009659519721,30.047661701686483,66.09748379053538,7.070742665991757,43.899905410444504
474,76.59212860222038,30.015005415647813,65.39031468812054,6.828691731979298,43.21103461440859
475,75.06748876170997,29.498560451238227,65.13812448733357,6.3552725343716885,41.922930764055664
476,73.59433619939638,28.57768750416403,64.94199392513953,5.7374446022286785,40.5427663413804
477,72.32165731797498,27.479392370703437,64.4096820210134,5.102287236495301,39.2566346972188
478,71.37062605443768,26.446904918720833,63.2805210689712,4.604725170497192,38.04190259869634
479,70.72398567343653,25.636923910284487,61.53884952589653,4.415927518527174,36.857448023497966
480,70.1030763349439,25.04844923422275,59.46975653907781,4.6340349951715,35.80507291984695
481,69.13944337862186,24.607659742400525,57.39905513938647,5.211359521047461,34.96204988313701
482,67.52933948135752,24.220633122347067,55.59459310464062,5.96799859241271,34.26515105650937
483,65.22320703030954,23.776385191603215,54.49564142820187,6.842268260211402,33.52283458859027
484,62.41055256033502,23.13200153557005,54.01595259653558,7.656720574997191,32.66108932121588
485,59.49784591672409,22.14383456531083,53.501135029497405,8.167761938664917,31.776979194612075
486,57.0429488946347,20.796119189038727,52.54594970212906,8.531870657310991,30.977540220471653
487,55.37069751756533,19.405245092106856,51.17331435218148,9.072743599723447,30.25899892117391
488,54.46592659855939,18.49037850857471,49.6862631451732,9.884632675042871,29.547660953551418
489,53.988507067444345,18.37229030528023,48.30402307356305,10.256717941090239,28.84942878432472
490,53.583769626072005,18.914340787884726,47.243326819313054,9.947219389717446,28.234173945247996
491,52.984815447105056,19.714276368456257,46.57941336912783,9.242909318128541,27.773832421640815
492,52.067839147830746,20.4322358835766,46.04980595809019,8.639751169341679,27.457225459315072
493,50.81918558170941,20.90159666680085,45.44496943312439,8.297828902200266,27.15733569781689
494,49.31598128877846,21.011294543781727,44.76802853107353,8.046801925070856,26.720938584540093
495,47.713291044950914,20.636223410381948,44.27514777654782,7.527043993199507,26.076864227612706
496,46.184199576181136,19.94822406580374,44.01585733182236,6.73869983272841,25.360171867837707
497,44.92294629721749,19.276936211999786,43.69374246443673,5.996626677609736,24.77907794005389
498,44.138169803862624,18.933621463552527,42.7977690066965,5.7511890911561565,24.470563651937386
499,43.98542491616132,18.90563900969937,41.47313123536444,6.055405937210807,24.285401321886216
500,44.47000000000001,18.82,39.440000000000005,7.03,24.040000000000003
501,45.209999999999994,18.29,36.5,8.539999999999997,23.76
502,45.19465981633477,17.82598524845595,34.80895179469331,9.044628080836318,23.880905135986062
503,44.50652194669339,17.52063752153377,33.95508963804695,8.583560616688375,24.3146255882304
504,43.471474494518375,17.342625306076407,33.115882501298046,7.596846819384533,24.798291747588685
505,42.209619921414664,17.368935046882143,32.45952152584965,6.2628892262992055,25.052323319085446
506,40.8155085754548,17.59070811499369,32.07835295272589,4.8941108210524495,24.873766284784068
507,39.387437139707664,17.862403463640856,31.77897159224857,4.016295813452565,24.17903102440421
508,38.01310129539282,18.062823321663597,31.49164106363301,3.817976551034313,23.07642650736439
509,36.7722034736898,18.120039437810178,31.264418069130294,4.170740229993643,21.825325538964975
510,35.753433781596556,18.136822326731235,31.12444202717918,4.7523476137339955,20.67094968468097
511,35.02511986707457,18.286249824531936,31.075422941069554,5.201242906146463,19.811157729012397
512,34.53934279610944,18.66391968062831,31.069364838040773,5.402930781317971,19.26736661664476
513,34.18930110848283,19.253111350753045,31.04979122080113,5.381901350619636,18.986277822125004
514,33.80416176692872,19.80725901694154,30.977055644194575,5.334738992531484,18.85450590359089
515,33.23688558192709,20.085333369601614,30.819732484969467,5.4623273419970575,18.771393644133013
516,32.39422960040935,19.920880241130238,30.554537272082165,5.924033804783637,18.672700859534523
517,31.22685322725178,19.363504059721993,30.152112826999755,6.747129785773858,18.54605529585585
518,29.73747953066319,18.65168213600603,29.58370232276828,7.824769736296916,18.424524767078296
519,28.079423815198556,17.97396649723373,28.886530620895694,8.90410625472736,18.343990098062783
520,26.50045932050692,17.453784991721278,28.14456840943393,9.67862514728842,18.32256918219569
521,25.307276619513498,17.040391222786603,27.493280290634882,9.974369776807384,18.281950927685184
522,24.750700734292533,16.609937452501775,27.07235062631432,9.751230766581456,18.12277119948482
523,24.85770765703463,15.992269712838706,26.98330521551452,9.236865864088356,17.7775199430005
524,25.489976201644915,15.18865661612555,27.229734405706118,8.66932974721764,17.249254236236318
525,26.294634884402473,14.505257059420101,27.651951847864577,8.213396073044391,16.65154098447956
526,26.940487334941604,14.046026031601137,27.95634859693544,7.899662471219779,16.049294242993046
527,27.16241174951399,13.66352764697757,27.743415796210314,7.631790756276793,15.442749318533927
528,26.93161155542599,13.139285918870112,26.819461757656804,7.389920600998342,14.811991600918061
529,26.38300312775927,12.29544733342596,25.19334944063341,7.219056380878244,14.142742908052302
530,25.739506384328383,11.433956695825737,23.28692496611715,7.237678588995767,13.522054010094566
531,25.20223319322439,10.923557117270626,21.645112987410034,7.539093344799856,13.071379628292798
532,24.78548052839188,10.737901940868268,20.700394929338156,8.03507607880339,12.897981820282036
533,24.419641682315795,10.758197976422636,20.63508689697591,8.557529583706426,13.032025893795508
534,23.953983507476554,10.854440646182944,21.190475673604105,8.863051248380092,13.357709303705056
535,23.349076724421252,10.992577335334355,22.011043919449502,8.826206466665028,13.682492553702609
536,22.709119101360876,11.255468814304866,22.703295967255002,8.478524879110036,13.75178385261118
537,22.173214608755437,11.769170698076268,23.086175876622153,7.9707408702525475,13.418164618046685
538,21.874215145505566,12.64584389295395,23.142968395931568,7.527371612894239,12.633107175394764
539,21.769530997135593,13.720805219610524,22.936953240789812,7.3399739310106655,11.48724385412152
540,21.740882840309446,14.718044338476577,22.54833295692736,7.562445021591297,10.131045696678097
541,21.66542048140536,15.385804371213217,21.996923417082204,8.259030912205468,8.72141033672634
542,21.484988956629998,15.609038671170595,21.282053933039442,9.390193677115388,7.419597941546191
543,21.28713762212289,15.564336170105616,20.392491910059658,10.731638947063079,6.392252213422531
544,21.132383675859106,15.452945312248561,19.41474848108178,11.972763579774279,5.765936874706314
545,21.015542475048733,15.443355104961952,18.566931307890123,12.732215584537048,5.602629069543534
546,20.875995677514812,15.492607378819233,18.058448104268045,12.806003590815244,5.798656128614747
547,20.626041844844373,15.405849018727082,18.050549675049453,12.16534436713313,6.124614342974297
548,20.293799655401262,15.134353809888491,18.430230745324383,11.003116287346602,6.392815345083011
549,19.962833623232818,14.747816589544996,18.949564467786555,9.615218529037675,6.4964007113004145
550,19.709938843602,14.518394554618492,19.35321029484043,8.285063103199423,6.593146011424779
551,19.58335551949059,14.687265832758156,19.474252306746482,7.237706334174604,6.877532511691973
552,19.562689788763702,15.26756190443406,19.378480040666734,6.556188172995654,7.443777509335169
553,19.597281026109048,16.132780504798284,19.196079266135957,6.22280069802474,8.212978731546771
554,19.60744129106232,17.008533576253214,19.093121148813918,6.104677434993063,8.877981626847083
555,19.507438778622436,17.723444117560376,19.142345782242145,6.0824195589850625,9.219418522665961
556,19.212241379925253,18.207785860180536,19.32115024819849,6.070776468187294,9.146180828280869
557,18.67433097462379,18.373502336841966,19.526726859412353,6.111227727697472,8.869712871791265
558,17.891713567493703,18.120265730777255,19.630690125439788,6.2927570323407105,8.73283745667219
559,16.9901284376857,17.346305175836548,19.58748528019625,6.598013730954149,8.920601062546563
560,16.13696609595363,16.05384497160708,19.418908385336934,6.926058273538214,9.451155795297986
561,15.502126327560154,14.546634858729735,19.264028012278217,7.034153401775275,10.008035224839917
562,15.185175196977262,13.190791948303737,19.213562454409338,6.768147887847152,10.304052721168357
563,15.162453355294335,12.356233818055518,19.23542364134467,6.171733236818251,10.21343682088625
564,15.327062106167567,12.165870392077682,19.167120242905987,5.407166217702398,9.859748900326153
565,15.506565711430195,12.476149631646638,18.74216832780937,4.7328505651399615,9.592783478604346
566,15.613220743770126,13.004223515158138,17.889487721194136,4.342130432501937,9.611444516664806
567,15.63077569526169,13.412004231468014,16.703138251209392,4.36563382382839,9.957412002047699
568,15.642741673310708,13.504025103148347,15.516445106093377,4.818814358917228,10.33603358721918
569,15.746730662412881,13.20263324638746,14.684905751444962,5.61971220217796,10.385716315673836
570,15.965645241925577,12.647823244343945,14.345898476717759,6.50117806568066,9.933626363583073
571,16.25424307838034,12.05450395301753,14.479485820619901,7.153603990277068,9.047974759707559
572,16.468589570229902,11.689712681141762,14.849905171793614,7.267996992678727,8.185614518603414
573,16.55673790567436,11.672053940088155,15.243548628613656,6.771291765504046,7.743019764033115
574,16.587619015978834,11.936093026909674,15.508159760356163,5.871189774135833,7.966959185724556
575,16.671004925656202,12.311909230329919,15.592446727113048,4.930796014443506,8.718506459803743
576,16.918863953659198,12.588721130516648,15.511704624824194,4.371681655228358,9.584893922872643
577,17.29827791013476,12.721393078708346,15.273726425060142,4.355339461522691,10.0726536477654
578,17.70159016198567,12.75079780296579,14.891928696829286,4.860147653178195,9.847748617385674
579,17.965233167369913,12.78273122558878,14.414911185180689,5.581290373394456,9.29276335823579
580,17.970027641142398,12.887602036947605,13.948173799662028,6.230736612219915,8.78622060588839
581,17.722860967716503,13.026895211728492,13.700690578574447,6.705022873662922,8.330302531144088
582,17.291345896672365,13.188273751306978,13.812430851179926,7.058091789627963,7.840888675382759
583,16.79691734246299,13.410957742026609,14.302705315008472,7.505766395121365,7.2052197467854135
584,16.30567968024824,13.719548483459734,14.98048634982792,8.092216141548143,6.612253341010323
585,15.828418132065828,14.104127667790081,15.498524218843142,8.697615112241396,6.425271881951835
586,15.307251406510957,14.395266896773402,15.539301330657377,9.047089955142612,6.488465003177202
587,14.678054340317148,14.385426495287724,14.889262000790962,8.87075127018492,6.465687269049034
588,13.989030312843472,14.030183338522074,13.719342211277624,8.233720989418586,6.320513881289239
589,13.339727263511842,13.445099837107287,12.350973452026087,7.365457573818881,6.136694035743134
590,12.879504340851797,13.030625607255367,11.21618408004236,6.673781909497003,6.090022976144423
591,12.679522203056038,13.05822272568061,10.6147779150031,6.427963767996159,6.24133127483669
592,12.679227360776949,13.527526289346493,10.615139403393686,6.643174756846196,6.458847622813487
593,12.733081867186852,14.142327014547938,11.092144646559714,7.179616050139479,6.583615089790264
594,12.648870513802516,14.397784379383332,11.779268675694656,7.7938494982447954,6.466441340240655
595,12.401733981351427,14.075785297506226,12.518793320098093,8.372003548456764,6.137700005825349
596,12.08180334794808,13.190111509050421,13.228206223406172,8.87624715312251,5.712488565209447
597,11.904634160572158,12.13023229473439,13.89885462204884,9.295764699781582,5.254987787343922
598,12.076984898984442,11.312477991192184,14.506138037800659,9.612592993642574,4.8102939522193475
599,12.67156459776831,10.903330697715907,14.9178790706477,9.766545614464661,4.415679191171388
600,13.614132309432533,10.894127040620246,15.017041033869415,9.733005912989908,4.175258225833677
601,14.625757408415128,11.063567795808503,14.748171587200702,9.559929165394045,4.300297014559644
602,15.404052511186542,11.289305489188429,14.18976320355304,9.338531638934816,4.88246191901497
603,15.661740772929242,11.570712652878367,13.542570365196635,9.188234046688969,5.864063379655118
604,15.31925885745331,11.937988752429554,12.944006745638442,9.140028184958453,6.976376316635852
605,14.456961679718914,12.405931411897138,12.470170774706302,9.15912077861961,7.849786814283242
606,13.352004589805679,12.811646558493436,12.084239751478998,9.145400376622758,8.24856246424284
607,12.311606604899577,12.97491288307708,11.723000541286977,9.005178194750929,8.073246674436264
608,11.513771372248947,12.866167773809062,11.367923221015637,8.740714911352448,7.509981268544391
609,10.996890715321813,12.591886574490669,11.043551258474151,8.414888300635157,6.829048603525756
610,10.586981649361789,12.453556483663645,10.838157759873907,8.166551718417322,6.34550399028179
611,10.15550574074691,12.635493723897852,10.82764626474029,8.084851934139628,6.23153426356839
612,9.665348940867922,13.146506269678522,11.05908056949119,8.187360317220396,6.475914240380237
613,9.237653085613735,13.780240740136062,11.496837388056685,8.425393116976151,6.881298154126547
614,9.082343068538856,14.21632680490441,12.033230261230978,8.715215156164813,7.158715501501279
615,9.313259212038547,14.296335608489608,12.448152535718423,9.01914201380236,7.19731387165365
616,9.954810144626581,13.99417001725313,12.506224962658436,9.324497834710183,7.005469273799216
617,10.847645086286443,13.526818039324125,12.07981464394585,9.64143658687731,6.763263125502502
618,11.766643457833748,13.15010951120303,11.180853244450459,9.9680378629845,6.61282783099398
619,12.439879824659675,13.080292049958887,10.064221309328262,10.265262210349137,6.5330611324819445
620,12.717485685139929,13.368187601824374,9.020553043794763,10.467049350212807,6.472764298717967
621,12.621740863942222,13.850977653355702,8.334320951735675,10.480391219440719,6.375614697766727
622,12.329495672551822,14.203572751443136,8.104355277464261,10.23115912630216,6.2863085192778785
623,12.10701253162725,14.017840029379359,8.273273928313225,9.677008192108477,6.303379048901455
624,12.058981360627715,13.125445494644008,8.680828561947564,8.8969796972026,6.340246200837767
625,12.166992865877964,11.567348926236468,9.147479066627104,8.033735457946097,6.221334652671732
626,12.211520908688268,9.798718866690406,9.605778650708329,7.263481724173913,5.759320545441958
627,11.997437415625853,8.35060979158907,10.052859915851382,6.726276404933873,4.88224378530741
628,11.51966530013579,7.6658128096350175,10.569792674725605,6.451822034741557,3.8067388428343367
629,10.865033900291097,7.882319112739451,11.22349058545325,6.4006673089945885,2.839857294576841
630,10.208123128353156,8.710003991055832,12.033531665670036,6.460055230586072,2.3469334616541198
631,9.65028109204466,9.720019877007088,12.855769243220932,6.567337185959719,2.5066688762932823
632,9.217161650372967,10.43289227132919,13.409546370711887,6.712353289724859,3.3015259475137015
633,8.887458011802398,10.733474198018635,13.448923170235387,6.915227712004874,4.466790032394194
634,8.609201112524056,10.725693480020444,12.827948445809092,7.200925698795082,5.625708252518808
635,8.293266165016744,10.65796106066901,11.782467684646784,7.5471029887761425,6.459513054964996
636,7.839223047403873,10.730923707423463,10.704446785297424,7.889594815138925,6.767269882163595
637,7.146897367618403,10.89823433353036,10.09666783845447,8.089049648851176,6.621995930038746
638,6.177888600620459,11.044346701521624,10.245953457702976,7.999956668585509,6.210250470738288
639,4.999117995798761,11.015757675848326,11.051614766757837,7.494077160214956,5.8218423905292145
640,3.816249933523481,10.795655410311381,12.167156937300723,6.592859284449884,5.642021512027748
641,2.956398213841116,10.507750823512387,13.062237855694685,5.47832226970863,5.728824526205523
642,2.700507936838606,10.317058484855671,13.42924886359909,4.500179316504545,5.972453162740639
643,3.2350130536192543,10.389983138482759,13.15906283164992,4.065976011974709,6.179434631626729
644,4.388017207561625,10.783757952150276,12.490258916685198,4.375016005798,6.225416535798321
645,5.81810379424839,11.498733105519841,11.757007158701636,5.42735795672398,6.0610952413244705
646,7.042061160503726,12.475247298899005,11.215849157794924,6.823926797855902,5.796533437894367
647,7.717198123391606,13.619532970096587,10.987470181750359,8.098814261615239,5.539363486717161
648,7.81662710754918,14.794050106450316,10.97006687524147,8.81642723997439,5.332075270757811
649,7.504329113874113,15.78279451844605,11.028530073018672,8.794902759957148,5.126988630995403
650,7.112681329767547,16.29194150570256,11.019225718996607,8.140426857676726,4.789405156075864
651,6.902942244137515,16.07743880601408,10.82216785703914,7.084216738518567,4.249774507060224
652,7.06032589498503,14.986210304349825,10.341494195574809,5.916405522587977,3.5073649708100607
653,7.630638477306703,13.209875224182356,9.530902389432605,4.830050951520308,2.6987632215611814
654,8.560794232004373,11.119579664357522,8.387188557270779,3.967847598944413,2.0118031659340874
655,9.637525088045955,9.24793340546061,6.993247166636659,3.4300040449755507,1.6274987955790923
656,10.586510374853745,8.008678333992204,5.615705689249112,3.3655467092308236,1.6559820454214171
657,11.084915074989322,7.492252327260108,4.841934636869614,4.028921175774258,2.063219439401205
658,10.94315024263594,7.557650651788373,4.6885148524652775,5.19596416748791,2.7407896943021064
659,10.15617132179934,7.8398781311502885,4.470450058311853,6.086076863996221,3.509112976898563
660,8.907397894705369,8.149174358029443,4.220803950177528,6.623130692109284,4.169382282287525
661,7.5123412922243045,8.459326536003953,4.473454908288648,7.224289570048799,4.521086469086376
662,6.280461736046059,8.904181385486824,5.24050135648428,7.854376830549977,4.433431956360474
663,5.477005433220338,9.626179361788932,6.292188051683416,8.273113334532695,3.8525429672078997
664,5.201832226906762,10.514081688542477,7.390473396960685,8.255206226764647,2.912482191661193
665,5.4367898195191025,11.361299426953495,8.328920785394619,7.803259636836645,1.8084836102280377
666,5.985306492075555,11.894370853086286,8.98123118418248,7.443515130467202,0.7652742993564158
667,6.613184437252313,12.007371399768106,9.28464039104048,7.541738103111767,0.0
668,7.074656831383838,11.845159683330019,9.252813134352062,8.119604223946506,0.0
669,7.214429044249503,11.586983754244729,8.959890005356836,8.975725184015797,0.0
670,6.969841773175237,11.410907348119876,8.52584899377436,9.749489120667889,0.17908695280326684
671,6.404416183807323,11.368821100840647,8.062065220990206,10.162958903230809,1.0043868001361431
672,5.661964456220697,11.457403253770817,7.656831580529215,10.040238159030258,1.946068223088174
673,4.963990494121405,11.719092872752654,7.315360139711451,9.46928576891389,2.888489529357248
674,4.501460254920829,12.17382536145227,7.042214515178478,8.660587755427695,3.7481957740614407
675,4.323870341713427,12.745373164374652,6.902963193941588,7.944338163180264,4.468970240867882
676,4.376184387815595,13.279831267192097,6.90595713676274,7.539127555395477,4.956213465199568
677,4.478329883475774,13.532359620494004,6.951788365896143,7.451616788632197,5.052868095279456
678,4.493855566920416,13.380015451001709,6.881524695040572,7.539539273720955,4.6948177083307545
679,4.35389108240676,12.838579660816947,6.511124400893517,7.5511627369594265,3.9286629888896303
680,4.1474465826542275,12.07823411067565,5.880805081128363,7.378327107611186,2.973717246812962
681,4.053530528164828,11.343231132545915,5.173933324581286,7.0198325365181224,2.1153663363323814
682,4.254970469198805,10.815083315224555,4.6472767012843255,6.592839900886916,1.4725819948641208
683,4.840571458925916,10.59609349890409,4.5211698063462356,6.233808725418879,1.0506384780562774
684,5.608370929509992,10.611054405741472,4.830070124947252,6.016999987404284,0.6802295265328676
685,6.283761893996093,10.681999031442073,5.537430025436455,5.96567911345253,0.23454233792337997
686,6.569476580797758,10.511749184377077,6.540272938520268,6.032162073302805,0.0
687,6.383690722227804,9.906912800086612,7.658693979311759,6.140810160487931,0.0
688,5.882620430692949,8.824554022963321,8.639138789888927,6.197184721346213,0.0
689,5.253174047924007,7.517978325249705,9.252634561282608,6.148053752472707,0.0
690,4.6629196721123805,6.419467671165906,9.33546535129411,5.981363741048365,0.0
691,4.079271553800747,5.892382384599438,9.018436345581305,5.7700031626704416,0.15173677227525098
692,3.410920088262256,6.162077837256394,8.55342912537571,5.623334603788062,1.0780794544252652
693,2.633222034815955,7.0748344923690745,8.214458887977397,5.662705476641152,2.0791918043136777
694,1.8225274717565452,8.331813640270054,8.148364241717212,5.9367330845408155,2.9896599673333153
695,1.2265808097378443,9.50974241195385,8.238889093273478,6.341860252884582,3.6066138364947853
696,1.0548866911408679,10.258799995680361,8.358510058212289,6.703435411830108,3.7740376004611678
697,1.4285487476709133,10.356308395526217,8.414657299885132,6.797218758214179,3.4155822761641845
698,2.2182919892923945,9.87403425311616,8.466687445395989,6.593112732436404,2.7055205405333473
699,3.136948150891861,9.074122908150336,8.636546907133232,6.211625978520829,1.9480009666538047
700,4.050000000000001,8.08,8.71,5.820000000000001,1.0900000000000003
701,4.800000000000001,7.119999999999999,8.44,5.58,0.12000000000000016
702,5.021073430301964,6.846046839400629,7.986757234163867,5.530384400940931,0.0
703,4.881085150864886,7.093704552279866,7.420195396612356,5.583674590002588,0.0
704,4.701335074645572,7.455980477350072,6.7596261323233024,5.628216397048665,0.0
705,4.653138963578614,7.707167577807713,6.059358530671752,5.62079385341319,0.0
706,4.6854369738915285,7.890343886977505,5.425591016292409,5.619661621838516,0.0
707,4.731135371668079,8.066813916532224,4.962752288093587,5.687503422839403,0.0
708,4.742698509248918,8.262739718554826,4.7157587939607595,5.849291089308836,0.0
709,4.683822486274229,8.484104250684522,4.695351527168745,6.10833919966749,0.0
710,4.524702783027633,8.738384427940161,4.898150614819952,6.454286689214588,0.0
711,4.256817436416665,9.038854917110676,5.274925565813989,6.831912266452472,0.0
712,3.8770029120221863,9.399254417890718,5.767193066869363,7.176834097758528,0.0
713,3.413829704644916,9.807468425901677,6.3274878422214735,7.431722898149194,0.0
714,2.9349819264970223,10.219517200681127,6.921924842589895,7.547941965840234,0.0
715,2.5079702587914925,10.588963472681113,7.519558661110075,7.483506165046087,0.0
716,2.1792426618873586,10.86535839799187,8.106568969197754,7.246249709299185,0.0
717,1.9849638843779687,10.99631148632412,8.677474442216983,6.8683021562073225,0.0
718,1.945031739621416,10.939989627681962,9.2224007820721,6.398110990345728,0.0
719,2.0339392845542004,10.684189932614393,9.719002687419373,5.929407680206662,0.0
720,2.2179457872428205,10.223261317480192,10.142798186897407,5.562189372481385,0.0
721,2.454755851885838,9.586969360221858,10.47011591003823,5.355720567725297,0.0
722,2.6930611856357975,8.842393404640568,10.678138507351289,5.326351263749812,0.26319519745724185
723,2.8855785120057904,8.058967317184512,10.746308042719264,5.478297912265401,0.6747056569266463
724,3.014951775081599,7.309992142233302,10.668972086367672,5.748006840541594,1.110969421503731
725,3.0761884215663224,6.670326106868164,10.44664039450014,6.044086830012352,1.5392148818497995
726,3.0736905095844222,6.206272011197677,10.08557451443032,6.292440408883472,1.92208083205828
727,3.0333300795294846,5.96448916719636,9.605190882800622,6.458852963455899,2.211686799285795
728,2.9835545338848033,5.982959799490312,9.027589838495434,6.516704911466092,2.3616517905703316
729,2.944670254439874,6.185791064257671,8.391111545604565,6.478209187526438,2.3825843893122634
730,2.9296496343179,6.394503661655557,7.7487261143239765,6.390561715405539,2.33643329004286
731,2.9467907578619883,6.478991719164071,7.155136283944844,6.2975495288114685,2.285283131953414
732,2.9797866375574613,6.59936444890927,6.671790518808051,6.216975173432855,2.28174157102734
733,3.003849334656121,7.0150980068567454,6.3622549429870645,6.157540937439605,2.3748385250244737
734,2.9996520987756266,7.840755709479332,6.263493681217299,6.116311229354788,2.578054252408084
735,2.9584907982658963,8.909267757200912,6.360801382696013,6.067765049694465,2.835832516287886
736,2.8737133136624466,10.024828541831958,6.630745954395886,5.984077654596175,3.08551216183021
737,2.751109844140513,11.045828887035416,7.008144906499695,5.841781138533643,3.2768054277035117
738,2.6060487104024492,11.872380137033955,7.395676211067309,5.620761498759209,3.368949615395964
739,2.4515046788235213,12.418786338841304,7.700568265168084,5.308592059606653,3.331868995611876
740,2.288545109534088,12.658526927574908,7.854303111915519,4.927130611637916,3.1825861465870555
741,2.1149237120979536,12.582414799024585,7.795827847890587,4.508172999945954,2.9515701593508363
742,1.9313977768230275,12.228211445900707,7.509112242405048,4.1032522728560865,2.6816903622023327
743,1.7436808786466327,11.71114293808991,7.052413751845913,3.796467359595413,2.436275481674394
744,1.5593526081021756,11.15149110179059,6.492572980531302,3.670867782372991,2.2774070686074785
745,1.40269761427031,10.643469644067197,5.9159152035141505,3.7607292607636613,2.229522463153588
746,1.3089714077102468,10.264172079906565,5.42156192716469,4.068295589832652,2.292336384405599
747,1.3076908290226525,10.067194356752111,5.087407976429312,4.5765012292417175,2.4514078872649363
748,1.406031894204229,10.018740397450294,4.91054128449999,5.197648147561772,2.640597025097236
749,1.6051492575805828,10.064355070159452,4.8685533673706125,5.827882775326711,2.782007399466349
750,1.8705873824150994,10.145670758805682,4.916990389474979,6.385518831031375,2.817170748084482
751,2.117821162383771,10.198818714193266,4.9804017350811085,6.820038261534886,2.7149356633567336
752,2.263229775450063,10.16496374743542,4.986627872160871,7.088865049789266,2.4512831377179745
753,2.266606873760621,10.035976814866514,4.91581342731374,7.20157666627491,2.0495020399672326
754,2.11136717219652,9.83130548733585,4.776553386378095,7.196114033206686,1.5586100565632233
755,1.8054668437296018,9.570271893927202,4.588766661221208,7.109546968312663,1.02838440226786
756,1.4334532933237132,9.27093447298369,4.407160218270044,6.975307087610885,0.5101855075713227
757,1.0944418639568245,8.951015919289032,4.292247226074237,6.825781928695857,0.055277034155884024
758,0.8717836876699662,8.625372380411205,4.270809319867385,6.682566975305532,0.0
759,0.8299025229464756,8.305418270602756,4.32912821171533,6.5543001812631125,0.0
760,1.0179531896914984,8.005755481200751,4.4489146457115725,6.450432931275813,0.0
761,1.3770983983497376,7.766869453269247,4.595285788639179,6.39247849408047,0.0
762,1.7987281421301171,7.641150970983849,4.725742953818302,6.407498895887565,0.0
763,2.1754343973742354,7.667742979668723,4.815119657222925,6.516810609951856,0.0
764,2.403692306790613,7.850570541777163,4.884212675209964,6.726450761378147,0.0
765,2.384790295880053,8.186410009395411,4.961084902038056,7.037995175788068,0.0
766,2.1161210781279864,8.640041267473531,5.068092039765526,7.407862149211045,0.0
767,1.6911816550044763,9.144247733825422,5.22188259825039,7.747312448084307,0.0
768,1.2115610847593539,9.635005532044994,5.428264352027739,7.970794961608234,0.0
769,0.8035432775391024,10.077214892409144,5.626205856199252,8.025264472237419,0.0
770,0.6026012888638345,10.447049960443033,5.72876861695653,7.870505965424721,0.0
771,0.655859147535996,10.725543818632023,5.66858050302774,7.505726239313281,0.0
772,0.8132745484351143,10.904514274780444,5.422054402923489,7.018024197966165,0.0
773,0.9081945943821953,10.976610257831696,4.976402278105798,6.50530031946391,0.0
774,0.9513292642882957,10.923414609146747,4.404716668658081,6.046237612724834,0.0
775,1.1050291550351194,10.717048954771895,3.8535157621324694,5.703088653400544,0.0
776,1.490246724577714,10.335163403118951,3.457831385772275,5.524391391088666,0.0
777,1.985120656792953,9.786011549143371,3.2800272526884307,5.489506338251413,0.0
778,2.3892812422032264,9.088066601346958,3.3581101704730862,5.555236234279621,0.0
779,2.5871830606055237,8.281599252482145,3.6692837239429537,5.68345721363635,0.1272974144641392
780,2.6193316632815145,7.446949425947129,4.0789756535531225,5.845397449534239,0.43250640939121365
781,2.5411891993219387,6.666681538406037,4.444816361899808,6.014727859677895,0.695485032050406
782,2.383231366853479,5.994581625911532,4.682684366237807,6.1850226012439125,0.8622947531725091
783,2.157687040262708,5.463419773139312,4.750994960369247,6.364390544763134,0.8727336358942281
784,1.8731728195662176,5.092490625898958,4.631806870951583,6.555709914713388,0.6816236406792733
785,1.524314193771666,4.844203727428241,4.406422322119493,6.737515592677698,0.31016941519119523
786,1.1024743546668514,4.665480015502052,4.182813980763982,6.881789851955722,0.0
787,0.6337155663517312,4.507574612749736,4.039790624164669,6.967014505293182,0.0
788,0.19836501241921706,4.328521336433509,4.010551504520722,6.981836045025228,0.0
789,0.0,4.091154010473788,4.119128289534357,6.919004650069579,0.0
790,0.0,3.804951123467926,4.331975147259495,6.806933501894453,0.0
791,0.0,3.5084298318221707,4.57970166982692,6.696237448017259,0.0
792,0.03175329099780274,3.2430895562924005,4.795136054555635,6.6334765482855635,0.0
793,0.39972603767380155,3.059455311081548,4.920900705496599,6.649632486112031,0.0
794,0.7652534812335768,3.009231857203487,4.902566830946282,6.7713870647089225,0.0
795,1.044736703318699,3.1102264445202636,4.717791162974632,6.99050127505035,0.0
796,1.1963361497362834,3.335037185398805,4.387022922143793,7.252162193145294,0.0
797,1.1891942545262935,3.651466883772478,3.9379020419714106,7.499521968196922,0.0
798,1.0651686436086665,4.012443247184348,3.436014773206331,7.686555690669908,0.01019084365286798
799,0.9045865784773722,4.36303588350707,2.967017429918478,7.772982022018953,0.350054737715993
800,0.7728911514994949,4.666621295376414,2.6018188796817574,7.739850587517075,0.6072270857738562
